YTD,PY Proj,Target (Adj),Total Gain,Plan's Share,ACO's Share
964.4711462,1060.918261,1029.053369,31.86489167,21.73568921,10.12920245
